Workbook

Sheet diet problem
B4: Hamburger | C4: Big Mac | D4: Nuggets | E4: Salad | F4: Apple Pie
B5: 0.69 | C5: 1.99 | D5: 1.99 | E5: 2.05 | F5: 0.79
B7: 1 | C7: 0 | D7: 0 | E7: 47 | F7: 0 | G7: =sumproduct(B5:F5,$B$7:$F$7) -> 97.04
A9: Cal | B9: 260 | C9: 560 | D9: 250 | E9: 35 | F9: 260 | G9: =sumproduct(B9:F9,$B$7:$F$7) -> 1905 | H9: <= | I9: 2000
A10: Protein | B10: 13 | C10: 25 | D10: 15 | E10: 2 | F10: 3 | G10: =sumproduct(B10:F10,$B$7:$F$7) -> 107 | H10: >= | I10: 50
A11: Vit C | B11: 2 | C11: 2 | D11: 2 | E11: 40 | F11: 40 | G11: =sumproduct(B11:F11,$B$7:$F$7) -> 1882 | H11: >= | I11: 100
A12: Calcium | B12: 15 | C12: 25 | D12: 2 | E12: 4 | F12: 2 | G12: =sumproduct(B12:F12,$B$7:$F$7) -> 203 | H12: >= | I12: 100

Sheet knapsack problem
A1: Item | B1: Value | C1: Weight | D1: Pack it?
A2: Tent | B2: 10 | C2: 5 | D2: 0
A3: Stove | B3: 40 | C3: 4 | D3: 1
A4: Water Filter | B4: 30 | C4: 6 | D4: 1
A5: Sleeping Bag | B5: 50 | C5: 7 | D5: 0
A7: Totals | B7: =sumproduct(B2:B5,D2:D5) -> 70 | C7: =sumproduct(C2:C5,D2:D5) -> 10
C9: 10

Sheet __OpenSolverCache__

Sheet __OpenSolver__
A1: =ModelSheet=Sheet1!A:Z -> #NAME? | B1: =ModelSheet=diet data!A:Z -> #ERROR! | C1: =ModelSheet=knapsack data!A:Z -> #ERROR!
A2: =OpenSolver_AdjNum=0 -> #NAME? | B2: =OpenSolver_AdjNum=1 -> #NAME? | C2: =OpenSolver_AdjNum=1 -> #NAME?
A3: =OpenSolver_ChosenSolver=Google -> #NAME? | B3: =OpenSolver_ChosenSolver=Google -> #NAME? | C3: =OpenSolver_ChosenSolver=Google -> #NAME?
A4: =OpenSolver_FastBuild=0 -> #NAME? | B4: =OpenSolver_FastBuild=0 -> #NAME? | C4: =OpenSolver_FastBuild=0 -> #NAME?
A5: =OpenSolver_LinearityCheck=0 -> #NAME? | B5: =OpenSolver_LinearityCheck=0 -> #NAME? | C5: =OpenSolver_LinearityCheck=1 -> #NAME?
A6: =solver_neg=1 -> #NAME? | B6: =solver_adj=diet data!B7:F7 -> #ERROR! | C6: =solver_adj=knapsack data!D2:D5 -> #ERROR!
A7: =solver_num=0 -> #NAME? | B7: =solver_lhs1=diet data!G9 -> #ERROR! | C7: =solver_lhs1=knapsack data!C7 -> #ERROR!
A8: =solver_sho=1 -> #NAME? | B8: =solver_lhs2=diet data!G10:G12 -> #ERROR! | C8: =solver_lhs2=knapsack data!D2:D5 -> #ERROR!
A9: =solver_typ=2 -> #NAME? | B9: =solver_lhs3=diet data!B7:F7 -> #ERROR! | C9: =solver_neg=1 -> #NAME?
A10: =solver_val=0 -> #NAME? | B10: =solver_neg=1 -> #NAME? | C10: =solver_num=2 -> #NAME?
B11: =solver_num=3 -> #NAME? | C11: =solver_opt=knapsack data!B7 -> #ERROR!
B12: =solver_opt=diet data!G7 -> #ERROR! | C12: =solver_rel1=1 -> #NAME?
B13: =solver_rel1=1 -> #NAME? | C13: =solver_rel2=5 -> #NAME?
B14: =solver_rel2=3 -> #NAME? | C14: =solver_rhs1=knapsack data!C9 -> #ERROR!
B15: =solver_rel3=4 -> #NAME? | C15: =solver_rhs2=binary -> #NAME?
B16: =solver_rhs1=diet data!I9 -> #ERROR! | C16: =solver_sho=1 -> #NAME?
B17: =solver_rhs2=diet data!I10:I12 -> #ERROR! | C17: =solver_typ=1 -> #NAME?
B18: =solver_rhs3=integer -> #NAME? | C18: =solver_val=0 -> #NAME?
B19: =solver_sho=1 -> #NAME?
B20: =solver_typ=2 -> #NAME?
B21: =solver_val=0 -> #NAME?
