Workbook

Sheet Sheet1
B4: x1 | C4: x2 | D4: x3 | E4: x4 | F4: x5
B5: 0.69 | C5: 1.99 | D5: 1.99 | E5: 2.05 | F5: 0.79
B7: 0 | C7: 0 | D7: 0 | E7: 0.87092162 | F7: 1.3161315 | G7: =sumproduct(B7:F7,B5:F5) -> 2.8251332
A9: Cal | B9: 260 | C9: 560 | D9: 250 | E9: 35 | F9: 260 | G9: =sumproduct(B9:F9,$B$7:$F$7) -> 372.67646 | H9: <= | I9: 2000
A10: Protein | B10: 13 | C10: 25 | D10: 15 | E10: 2 | F10: 3 | G10: =sumproduct(B10:F10,$B$7:$F$7) -> 5.6902379 | H10: >= | I10: 50
A11: Vit C | B11: 2 | C11: 2 | D11: 2 | E11: 40 | F11: 40 | G11: =sumproduct(B11:F11,$B$7:$F$7) -> 87.482127 | H11: >= | I11: 100
A12: Calcium | B12: 15 | C12: 25 | D12: 2 | E12: 4 | F12: 2 | G12: =sumproduct(B12:F12,$B$7:$F$7) -> 6.1159496 | H12: >= | I12: 100

Sheet data
B4: x1 | C4: x2 | D4: x3 | E4: x4 | F4: x5
B5: 0.69 | C5: 1.99 | D5: 1.99 | E5: 2.05 | F5: 0.79
B7: 0 | C7: 0 | D7: 0 | E7: 0 | F7: 0
A9: Cal | B9: 260 | C9: 560 | D9: 250 | E9: 35 | F9: 260 | H9: <= | I9: 2000
A10: Protein | B10: 13 | C10: 25 | D10: 15 | E10: 2 | F10: 3 | H10: >= | I10: 50
A11: Vit C | B11: 2 | C11: 2 | D11: 2 | E11: 40 | F11: 40 | H11: >= | I11: 100
A12: Calcium | B12: 15 | C12: 25 | D12: 2 | E12: 4 | F12: 2 | H12: >= | I12: 100

Sheet __OpenSolverCache__

Sheet __OpenSolver__
A1: =ModelSheet=Sheet1!A:Z -> #NAME?
A2: =OpenSolver_AdjNum=1 -> #NAME?
A3: =OpenSolver_ChosenSolver=Google -> #NAME?
A4: =OpenSolver_FastBuild=0 -> #NAME?
A5: =OpenSolver_LinearityCheck=0 -> #NAME?
A6: =solver_adj=Sheet1!B7:F7 -> #NAME?
A7: =solver_lhs1=Sheet1!G9 -> #NAME?
A8: =solver_lhs2=Sheet1!G10:G12 -> #NAME?
A9: =solver_neg=1 -> #NAME?
A10: =solver_num=2 -> #NAME?
A11: =solver_opt=Sheet1!G7 -> #NAME?
A12: =solver_rel1=1 -> #NAME?
A13: =solver_rel2=3 -> #NAME?
A14: =solver_rhs1=Sheet1!I9 -> #NAME?
A15: =solver_rhs2=Sheet1!I10:I12 -> #NAME?
A16: =solver_sho=1 -> #NAME?
A17: =solver_typ=2 -> #NAME?
A18: =solver_val=0 -> #NAME?
