Workbook

Sheet Sheet1
B3: x1 | C3: x2 | D3: x3 | E3: x4 | F3: x5 | G3: x6 | H3: x7
B4: 3 | C4: 2 | D4: 0 | E4: 4 | F4: 0 | G4: 0 | H4: 0 | I4: =sum(B4:H4) -> 9
A5: Constraints
A6: Mon | B6: 1 | C6: 0 | D6: 0 | E6: 1 | F6: 1 | G6: 1 | H6: 1 | I6: =sumproduct($B$4:$H$4,B6:H6) -> 7 | J6: >= | K6: 7
A7: Tue | B7: 1 | C7: 1 | D7: 0 | E7: 0 | F7: 1 | G7: 1 | H7: 1 | I7: =sumproduct($B$4:$H$4,B7:H7) -> 5 | J7: >= | K7: 3
A8: Wed | B8: 1 | C8: 1 | D8: 1 | E8: 0 | F8: 0 | G8: 1 | H8: 1 | I8: =sumproduct($B$4:$H$4,B8:H8) -> 5 | J8: >= | K8: 5
A9: Thur | B9: 1 | C9: 1 | D9: 1 | E9: 1 | F9: 0 | G9: 0 | H9: 1 | I9: =sumproduct($B$4:$H$4,B9:H9) -> 9 | J9: >= | K9: 9
A10: Fri | B10: 1 | C10: 1 | D10: 1 | E10: 1 | F10: 1 | G10: 0 | H10: 0 | I10: =sumproduct($B$4:$H$4,B10:H10) -> 9 | J10: >= | K10: 4
A11: Sat | B11: 0 | C11: 1 | D11: 1 | E11: 1 | F11: 1 | G11: 1 | H11: 0 | I11: =sumproduct($B$4:$H$4,B11:H11) -> 6 | J11: >= | K11: 6
A12: Sun | B12: 0 | C12: 0 | D12: 1 | E12: 1 | F12: 1 | G12: 1 | H12: 1 | I12: =sumproduct($B$4:$H$4,B12:H12) -> 4 | J12: >= | K12: 1

Sheet __OpenSolverCache__

Sheet __OpenSolver__
A1: =ModelSheet=Sheet1!A:Z -> #NAME?
A2: =OpenSolver_AdjNum=1 -> #NAME?
A3: =OpenSolver_ChosenSolver=Google -> #NAME?
A4: =OpenSolver_FastBuild=0 -> #NAME?
A5: =OpenSolver_LinearityCheck=0 -> #NAME?
A6: =solver_adj=Sheet1!B4:H4 -> #NAME?
A7: =solver_lhs1=Sheet1!I6:I12 -> #NAME?
A8: =solver_neg=1 -> #NAME?
A9: =solver_num=1 -> #NAME?
A10: =solver_opt=Sheet1!I4 -> #NAME?
A11: =solver_rel1=3 -> #NAME?
A12: =solver_rhs1=Sheet1!K6:K12 -> #NAME?
A13: =solver_sho=1 -> #NAME?
A14: =solver_typ=2 -> #NAME?
A15: =solver_val=0 -> #NAME?
